node1,node2,distance
0,1,273.07821048680194
1,4,39.94112549695427
1,2,11.313708498984761
2,3,180.91168824543144
2,6,70.18376618407356
4,13,160.3380951166243
4,9,89.41421356237309
5,6,65.89949493661166
6,8,39.727922061357845
7,10,42.21320343559643
8,10,109.84062043356595
8,12,90.2253967444162
10,11,46.38477631085023
